Date,Country,City,Depart,Arrive
Thu 05 Nov,NZ > Taiwan,Wellington > Auckland > Taipei,07:50,17:00
Fri 06 Nov,Taiwan,Taipei,,
Sat 07 Nov,Taiwan,Taipei,,
Sun 08 Nov,Taiwan,Taipei > Taichung,,
Mon 09 Nov,Taiwan,Taichung,,
Tue 10 Nov,Taiwan,Taichung,,
Wed 11 Nov,Taiwan,Taichung > Taipei > Hualien,,
Thu 12 Nov,Taiwan,Hualien,,
Fri 13 Nov,Taiwan,Hualien,,
Sat 14 Nov,Taiwan,Hualien > Taipei,,
Sun 15 Nov,Taiwan,Taipei,,
Mon 16 Nov,Taiwan,Taipei,,
Tue 17 Nov,Taiwan > NZ,Taipei > The sky > Auckland,18:45,10:25
Wed 18 Nov,NZ, Auckland > Wellington,16:00,17:10
